Query,Dimensione,Tempo prima esecuzione,Tempo delle 30 esecuzioni,Tempo medio,Intervallo di confidenza sup,Intervallo di confidenza inf
Query1,25%,0.035762786865234375,0.25081634521484375,0.006270408630371094,0.006453851611392378,0.00608696564934981
Query1,50%,0.01621246337890625,0.26607513427734375,0.006651878356933594,0.006768763355649235,0.006534993358217953
Query1,75%,0.020742416381835938,0.2732276916503906,0.006830692291259766,0.007065865249620126,0.006595519332899405
Query1,100%,0.0247955322265625,0.26702880859375,0.00667572021484375,0.006755964254414721,0.006595476175272779
Query2,25%,115.90313911437988,4228.872060775757,105.72180151939392,107.35347577536753,104.09012726342031
Query2,50%,239.80951309204102,9465.395450592041,236.63488626480103,241.24566893859227,232.02410359100978
Query2,75%,395.43628692626953,15415.79270362854,385.3948175907135,388.4050228478694,382.3846123335576
Query2,100%,590.5928611755371,22831.918478012085,570.7979619503021,576.6979168649202,564.898007035684
Query3,25%,151.20625495910645,5244.317293167114,131.10793232917786,132.24759269751135,129.96827196084436
